task,agent,seed,simple_regret,campaign_cash,cumulative_regret,churn,gain,backslide,wasted_fraction,wasted_rounds,committed_rounds,validity_rate,n_designs,n_valid,unit_days_used,parallel_utilisation,n_rejections
T1,random_spread,0,0.04153639488113339,-293.7557823549072,581.5394176408176,0.0,0.15673341554602796,0.0,0.0,0,1,0.0,2,0,3360,1.0,0
T1,random_spread,1,0.0299695524261002,-250.1908090922645,525.8449671722334,nan,0.0,0.0,1.0,1,1,0.0,2,0,3360,1.0,0
T1,random_spread,2,0.030007108248582076,-232.88712577235188,455.68148775731197,0.0,0.03849833079247936,0.0,0.0,0,1,0.0,2,0,3360,1.0,0
T1,random_spread,3,0.043882279784608735,-245.61062022474735,358.4289030698651,nan,0.0,0.0,1.0,1,1,0.0,2,0,3360,1.0,0
T1,random_spread,4,0.012806763152751088,-97.27072837244128,494.36150335649427,nan,0.0,0.0,1.0,1,1,0.0,2,0,3360,1.0,0
T1,random_spread,5,0.021969226843897613,-29.4326871075063,399.19944580689116,0.0,0.05149035358524913,0.0,0.0,0,1,0.0,2,0,3360,1.0,0
T1,random_spread,6,0.012038324352855546,-271.12080597901496,472.5436172756705,nan,0.0,0.0,1.0,1,1,0.0,2,0,3360,1.0,0
T1,random_spread,7,0.02504418348690852,-280.2584843638013,350.8171473872043,1.0,0.0,0.02441005621683562,1.0,1,1,0.0,2,0,3360,1.0,0
T1,random_spread,8,0.03880842005341351,-248.76362495186913,354.4371141061233,0.0,0.004387052251406266,0.0,0.0,0,1,0.0,2,0,3360,1.0,0
T1,random_spread,9,0.03454340283061251,-208.89676772217248,399.37937227803013,nan,0.0,0.0,1.0,1,1,0.0,2,0,3360,1.0,0
T1,random_spread,10,0.05736425151613792,-231.8776674981721,410.1541402025183,0.0,0.009774529923820142,0.0,0.0,0,1,0.0,2,0,3360,1.0,0
T1,random_spread,11,0.04257718816105814,-70.1579547088159,286.5838087360811,nan,0.0,0.0,1.0,1,1,0.0,2,0,3360,1.0,0
T1,random_spread,12,0.030563778428741167,-182.82380285601218,555.7755553167622,nan,0.0,0.0,1.0,1,1,0.0,2,0,3360,1.0,0
T1,random_spread,13,0.05935579756936975,-247.92345235797342,403.4622518389825,nan,0.0,0.0,1.0,1,1,0.0,2,0,3360,1.0,0
T1,random_spread,14,0.04749487441198407,-361.34721666783213,407.16429979785755,nan,0.0,0.0,1.0,1,1,0.0,2,0,3360,1.0,0
T1,random_spread,15,0.01524445622669681,-79.7187616035449,240.70671158063814,nan,0.0,0.0,1.0,1,1,0.0,2,0,3360,1.0,0
T1,random_spread,16,0.002655229639438164,-261.78347901798395,365.1878625097518,0.0,0.03677005006434819,0.0,0.0,0,1,0.0,2,0,3360,1.0,0
T1,random_spread,17,0.023423073195849527,-136.99165642580553,383.7265035022091,0.0,0.04499786576798392,0.0,0.0,0,1,0.0,2,0,3360,1.0,0
T1,random_spread,18,0.04884346513070752,-132.19795905447972,405.53301768269773,0.0,0.039001720624635444,0.0,0.0,0,1,0.0,2,0,3360,1.0,0
T1,random_spread,19,0.005870234315347625,-168.76102412932823,364.20198293876274,nan,0.0,0.0,1.0,1,1,0.0,2,0,3360,1.0,0
T1,literature_prior,0,0.03181690169653107,0.0,0.0,nan,nan,nan,nan,0,0,0.0,0,0,0,0.0,0
T1,literature_prior,1,0.0015305840305249868,0.0,0.0,nan,nan,nan,nan,0,0,0.0,0,0,0,0.0,0
T1,literature_prior,2,0.0006395763516883618,0.0,0.0,nan,nan,nan,nan,0,0,0.0,0,0,0,0.0,0
T1,literature_prior,3,0.0005677644991422467,0.0,0.0,nan,nan,nan,nan,0,0,0.0,0,0,0,0.0,0
T1,literature_prior,4,0.0010473177598294137,0.0,0.0,nan,nan,nan,nan,0,0,0.0,0,0,0,0.0,0
T1,literature_prior,5,0.00015911076110682043,0.0,0.0,nan,nan,nan,nan,0,0,0.0,0,0,0,0.0,0
T1,literature_prior,6,0.013921917121030906,0.0,0.0,nan,nan,nan,nan,0,0,0.0,0,0,0,0.0,0
T1,literature_prior,7,0.016056633902772025,0.0,0.0,nan,nan,nan,nan,0,0,0.0,0,0,0,0.0,0
T1,literature_prior,8,0.006266685440027953,0.0,0.0,nan,nan,nan,nan,0,0,0.0,0,0,0,0.0,0
T1,literature_prior,9,0.008341369574003478,0.0,0.0,nan,nan,nan,nan,0,0,0.0,0,0,0,0.0,0
T1,literature_prior,10,0.028140560202877602,0.0,0.0,nan,nan,nan,nan,0,0,0.0,0,0,0,0.0,0
T1,literature_prior,11,0.01229596706766365,0.0,0.0,nan,nan,nan,nan,0,0,0.0,0,0,0,0.0,0
T1,literature_prior,12,0.00010028936085136608,0.0,0.0,nan,nan,nan,nan,0,0,0.0,0,0,0,0.0,0
T1,literature_prior,13,0.011032721556479802,0.0,0.0,nan,nan,nan,nan,0,0,0.0,0,0,0,0.0,0
T1,literature_prior,14,0.0005047263476220167,0.0,0.0,nan,nan,nan,nan,0,0,0.0,0,0,0,0.0,0
T1,literature_prior,15,0.0012884250659191687,0.0,0.0,nan,nan,nan,nan,0,0,0.0,0,0,0,0.0,0
T1,literature_prior,16,0.012241276141394359,0.0,0.0,nan,nan,nan,nan,0,0,0.0,0,0,0,0.0,0
T1,literature_prior,17,0.0008109715428800263,0.0,0.0,nan,nan,nan,nan,0,0,0.0,0,0,0,0.0,0
T1,literature_prior,18,0.0004605369399265091,0.0,0.0,nan,nan,nan,nan,0,0,0.0,0,0,0,0.0,0
T1,literature_prior,19,0.022718365292811064,0.0,0.0,nan,nan,nan,nan,0,0,0.0,0,0,0,0.0,0
T1,prior_anchored,0,0.01521026693644087,-112.16458679176056,412.7563822282612,0.0,0.06520860756037672,0.0,0.0,0,1,0.0,2,0,3360,1.0,0
T1,prior_anchored,1,0.0015305840305249868,-47.717545978367966,315.608221503924,1.0,0.0,0.0010604383383796129,1.0,1,1,0.0,2,0,3360,1.0,0
T1,prior_anchored,2,0.0006395763516883618,-48.048971489433654,275.86476634678735,0.0,0.07362047737239091,0.0,0.0,0,1,0.0,2,0,3360,1.0,0
T1,prior_anchored,3,0.0005677644991422467,-158.93878594369127,266.8159219330996,0.0,0.062236162905779116,0.0,0.0,0,1,0.0,2,0,3360,1.0,0
T1,prior_anchored,4,0.0010473177598294137,164.1294543429772,247.95516322636234,0.0,0.07773991088015257,0.0,0.0,0,1,0.0,2,0,3360,1.0,0
T1,prior_anchored,5,0.00015911076110682043,-29.48742841190608,391.59515712546596,0.0,0.057262393912325384,0.0,0.0,0,1,0.0,2,0,3360,1.0,0
T1,prior_anchored,6,0.013921917121030906,-89.21956729927916,295.25119354023207,0.0,0.038642075856399415,0.0,0.0,0,1,0.0,2,0,3360,1.0,0
T1,prior_anchored,7,0.016056633902772025,-224.26747701138265,289.62825181775656,0.0,0.06107690457582858,0.0,0.0,0,1,0.0,2,0,3360,1.0,0
T1,prior_anchored,8,0.006266685440027953,-203.60946893320843,316.89718000949824,0.0,0.06067072602979904,0.0,0.0,0,1,0.0,2,0,3360,1.0,0
T1,prior_anchored,9,0.008341369574003478,-144.82225390227046,320.95937290183133,0.0,0.04161072864106411,0.0,0.0,0,1,0.0,2,0,3360,1.0,0
T1,prior_anchored,10,0.028140560202877602,-112.81335790621378,299.06975482865676,0.0,0.044331895994771,0.0,0.0,0,1,0.0,2,0,3360,1.0,0
T1,prior_anchored,11,0.01229596706766365,-29.517529064083238,244.7006614117035,0.0,0.03636878102804481,0.0,0.0,0,1,0.0,2,0,3360,1.0,0
T1,prior_anchored,12,0.00010028936085136608,36.843461047726734,329.6734896552994,0.0,0.09796062543137977,0.0,0.0,0,1,0.0,2,0,3360,1.0,0
T1,prior_anchored,13,0.011032721556479802,-124.06988267315347,278.8369482845859,0.0,0.05216026912940555,0.0,0.0,0,1,0.0,2,0,3360,1.0,0
T1,prior_anchored,14,0.0005047263476220167,-173.00754410748144,225.22373301766814,0.0,0.0640065505987954,0.0,0.0,0,1,0.0,2,0,3360,1.0,0
T1,prior_anchored,15,0.0012884250659191687,-168.0773237182749,311.64340359379423,0.0,0.08254526177861982,0.0,0.0,0,1,0.0,2,0,3360,1.0,0
T1,prior_anchored,16,0.012241276141394359,-232.50637636717096,326.0003633147838,0.0,0.056466305218376436,0.0,0.0,0,1,0.0,2,0,3360,1.0,0
T1,prior_anchored,17,0.0008109715428800263,-10.546008995803643,264.2936770198078,0.0,0.08430528220976564,0.0,0.0,0,1,0.0,2,0,3360,1.0,0
T1,prior_anchored,18,0.0004605369399265091,-38.83257273242644,309.5446930385293,0.0,0.09590754939215948,0.0,0.0,0,1,0.0,2,0,3360,1.0,0
T1,prior_anchored,19,0.015624644255193096,-117.68680248277543,333.6840713872487,0.0,0.0005333913103488311,0.0,1.0,1,1,0.0,2,0,3360,1.0,0
T1,classical_doe,0,0.01658074432370446,164.2718403991422,129.8186223473081,0.0,0.03730271996417768,0.0,0.0,0,1,0.5,2,1,3360,1.0,0
T1,classical_doe,1,0.0012262218432768368,134.455306404242,128.14629165483515,0.0,0.06441301763032406,0.0,0.0,0,1,1.0,2,2,3360,1.0,0
T1,classical_doe,2,0.0004355819610720735,54.52008917019275,174.00366936959654,0.0,0.06078669840655062,0.0,0.0,0,1,1.0,2,2,3360,1.0,0
T1,classical_doe,3,0.00934754293403136,-23.85125065572001,142.80324571584353,0.0,0.04076232240533344,0.0,0.0,0,1,1.0,2,2,3360,1.0,0
T1,classical_doe,4,0.0005092385676814387,240.18262023904583,150.18530399913698,0.0,0.07046917812152943,0.0,0.0,0,1,1.0,2,2,3360,1.0,0
T1,classical_doe,5,0.00010587414250416705,207.63372302897335,161.00308300123467,0.0,0.07414586851635498,0.0,0.0,0,1,1.0,2,2,3360,1.0,0
T1,classical_doe,6,0.003845308524728454,73.39051013076767,130.76318274637924,0.0,0.04704466480830388,0.0,0.0,0,1,1.0,2,2,3360,1.0,0
T1,classical_doe,7,0.01136067491227503,-80.22753117052352,154.09746916718512,0.0,0.03150491360453871,0.0,0.0,0,1,1.0,2,2,3360,1.0,0
T1,classical_doe,8,0.006538839916999266,-64.7850865956397,168.6187884568211,0.0,0.04392396389851232,0.0,0.0,0,1,1.0,2,2,3360,1.0,0
T1,classical_doe,9,0.004196450138154867,12.898502279591368,163.04053914359827,0.0,0.047884745261591886,0.0,0.0,0,1,1.0,2,2,3360,1.0,0
T1,classical_doe,10,0.0002914433168717881,-5.759131934270042,180.76462800289852,0.0,0.04620831900333501,0.0,0.0,0,1,1.0,2,2,3360,1.0,0
T1,classical_doe,11,0.0035370093868549793,81.28883410261795,135.85004562588713,0.0,0.04768650827352482,0.0,0.0,0,1,1.0,2,2,3360,1.0,0
T1,classical_doe,12,0.006456762996515875,182.13185290945984,195.15386116895786,0.0,0.05949138778070029,0.0,0.0,0,1,1.0,2,2,3360,1.0,0
T1,classical_doe,13,0.006349992334649321,23.76285008872001,123.83090673169444,0.0,0.041594793702611356,0.0,0.0,0,1,1.0,2,2,3360,1.0,0
T1,classical_doe,14,4.309143782127087e-05,-18.494411240617566,87.66815177992903,0.0,0.04842136880512342,0.0,0.0,0,1,1.0,2,2,3360,1.0,0
T1,classical_doe,15,0.0009009823905697933,36.20895942709835,124.96508865054106,0.0,0.057461312018595084,0.0,0.0,0,1,1.0,2,2,3360,1.0,0
T1,classical_doe,16,0.003963771649650012,-20.53130185513674,116.51120160979963,0.0,0.04143006846325983,0.0,0.0,0,1,1.0,2,2,3360,1.0,0
T1,classical_doe,17,0.0008100740699177739,124.31464846047534,134.5940267503913,0.0,0.06448506751244149,0.0,0.0,0,1,0.5,2,1,3360,1.0,0
T1,classical_doe,18,0.0040442773092785045,112.29101421919445,161.06336132820067,0.0,0.06081766793850499,0.0,0.0,0,1,1.0,2,2,3360,1.0,0
T1,classical_doe,19,0.032474999215857246,54.33976655798474,149.65181836653792,0.0,0.019191572626027546,0.0,0.0,0,1,0.5,2,1,3360,1.0,0
T1,gp_ucb_rep1,0,0.01521026693644087,-112.16458679176056,412.7563822282612,0.0,0.06520860756037672,0.0,0.0,0,1,0.0,2,0,3360,1.0,0
T1,gp_ucb_rep1,1,0.0020989574438779607,-47.717545978367966,315.608221503924,1.0,0.0,0.0010604383383796129,1.0,1,1,0.0,2,0,3360,1.0,0
T1,gp_ucb_rep1,2,0.0034598984702211566,-48.048971489433654,275.86476634678735,0.0,0.07362047737239091,0.0,0.0,0,1,0.0,2,0,3360,1.0,0
T1,gp_ucb_rep1,3,0.004921208127726628,-158.93878594369127,266.8159219330996,0.0,0.062236162905779116,0.0,0.0,0,1,0.0,2,0,3360,1.0,0
T1,gp_ucb_rep1,4,0.004361844950851665,164.1294543429772,247.95516322636234,0.0,0.07773991088015257,0.0,0.0,0,1,0.0,2,0,3360,1.0,0
T1,gp_ucb_rep1,5,0.00015804703067759385,-29.48742841190608,391.59515712546596,0.0,0.057262393912325384,0.0,0.0,0,1,0.0,2,0,3360,1.0,0
T1,gp_ucb_rep1,6,0.0031655651461323306,-89.21956729927916,295.25119354023207,0.0,0.038642075856399415,0.0,0.0,0,1,0.0,2,0,3360,1.0,0
T1,gp_ucb_rep1,7,0.004583226434713882,-224.26747701138265,289.62825181775656,0.0,0.06107690457582858,0.0,0.0,0,1,0.0,2,0,3360,1.0,0
T1,gp_ucb_rep1,8,0.0005817084583769269,-203.60946893320843,316.89718000949824,0.0,0.06067072602979904,0.0,0.0,0,1,0.0,2,0,3360,1.0,0
T1,gp_ucb_rep1,9,0.0078040108263018396,-144.82225390227046,320.95937290183133,0.0,0.04161072864106411,0.0,0.0,0,1,0.0,2,0,3360,1.0,0
T1,gp_ucb_rep1,10,0.016321879061125616,-112.81335790621378,299.06975482865676,0.0,0.044331895994771,0.0,0.0,0,1,0.0,2,0,3360,1.0,0
T1,gp_ucb_rep1,11,0.004846685830997531,-29.517529064083238,244.7006614117035,0.0,0.03636878102804481,0.0,0.0,0,1,0.0,2,0,3360,1.0,0
T1,gp_ucb_rep1,12,0.009846290718417153,36.843461047726734,329.6734896552994,0.0,0.09796062543137977,0.0,0.0,0,1,0.0,2,0,3360,1.0,0
T1,gp_ucb_rep1,13,0.0026760942300886326,-124.06988267315347,278.8369482845859,0.0,0.05216026912940555,0.0,0.0,0,1,0.0,2,0,3360,1.0,0
T1,gp_ucb_rep1,14,0.0010322445306822567,-173.00754410748144,225.22373301766814,0.0,0.0640065505987954,0.0,0.0,0,1,0.0,2,0,3360,1.0,0
T1,gp_ucb_rep1,15,0.0005679164348276408,-168.0773237182749,311.64340359379423,0.0,0.08254526177861982,0.0,0.0,0,1,0.0,2,0,3360,1.0,0
T1,gp_ucb_rep1,16,0.01998125462677067,-232.50637636717096,326.0003633147838,0.0,0.056466305218376436,0.0,0.0,0,1,0.0,2,0,3360,1.0,0
T1,gp_ucb_rep1,17,0.0006183819542826957,-10.546008995803643,264.2936770198078,0.0,0.08430528220976564,0.0,0.0,0,1,0.0,2,0,3360,1.0,0
T1,gp_ucb_rep1,18,0.0008621306132777645,-38.83257273242644,309.5446930385293,0.0,0.09590754939215948,0.0,0.0,0,1,0.0,2,0,3360,1.0,0
T1,gp_ucb_rep1,19,0.015624644255193096,-117.68680248277543,333.6840713872487,0.0,0.0005333913103488311,0.0,1.0,1,1,0.0,2,0,3360,1.0,0
T2,random_spread,0,0.06821896422812002,-425.08502655418243,1072.8796970353596,0.0,0.07261990504555083,0.0,0.0,0,1,0.0,2,0,5040,1.0,0
T2,random_spread,1,0.037774433198661694,-14.699394448318374,573.4241339404532,0.0,0.0010182678437453269,0.0,1.0,1,1,0.0,2,0,5040,1.0,0
T2,random_spread,2,0.009362075020665231,-227.93517447270654,744.5873905100465,nan,0.0,0.0,1.0,1,1,0.0,2,0,5040,1.0,0
T2,random_spread,3,0.041050055762706136,-195.8944925042175,538.4706135647577,nan,0.0,0.0,1.0,1,1,0.0,2,0,5040,1.0,0
T2,random_spread,4,0.006825327198895975,-228.38005943994474,868.6949350281383,0.0,0.03114278655940267,0.0,0.0,0,1,0.0,2,0,5040,1.0,0
T2,random_spread,5,0.008911071138003684,-235.93677598433257,882.2486611000891,0.0,0.05421964899261918,0.0,0.0,0,1,0.0,2,0,5040,1.0,0
T2,random_spread,6,0.0593692013791721,-188.7178898152776,710.354742143373,1.0,0.0,0.04201863372888769,1.0,1,1,0.0,2,0,5040,1.0,0
T2,random_spread,7,0.010941643124447648,-483.69999259257213,802.9924626393245,nan,0.0,0.0,1.0,1,1,0.0,2,0,5040,1.0,0
T2,random_spread,8,0.05373984361462507,-319.6294826420776,699.9419255531825,nan,0.0,0.0,1.0,1,1,0.0,2,0,5040,1.0,0
T2,random_spread,9,0.017921335392985738,-36.10832635545303,467.21197161519433,0.0,0.05955785413430609,0.0,0.0,0,1,0.0,2,0,5040,1.0,0
T2,random_spread,10,0.05522622107023569,-300.58040036503775,818.3439210431613,1.0,0.0,0.014302835207520598,1.0,1,1,0.0,2,0,5040,1.0,0
T2,random_spread,11,0.024176092098687013,-163.75172328275454,665.1723744262285,1.0,0.0,0.001752455567262029,1.0,1,1,0.0,2,0,5040,1.0,0
T2,random_spread,12,0.056241674258196456,-134.17319443821077,768.4890345563483,nan,0.0,0.0,1.0,1,1,0.0,2,0,5040,1.0,0
T2,random_spread,13,0.05649568809434506,-290.185417742203,709.3099097699571,nan,0.0,0.0,1.0,1,1,0.0,2,0,4830,0.9583333333333334,0
T2,random_spread,14,0.015088521741655384,-381.3394081689205,621.8805129066927,0.0,0.06678833839900016,0.0,0.0,0,1,0.0,2,0,5040,1.0,0
T2,random_spread,15,0.0630928056342551,-26.41428421733663,473.2585041340843,nan,0.0,0.0,1.0,1,1,0.0,2,0,5040,1.0,0
T2,random_spread,16,0.06954826036308796,-383.3341486603899,764.7529553309218,1.0,0.0,0.023736087976254587,1.0,1,1,0.0,2,0,4830,0.9583333333333334,0
T2,random_spread,17,0.09316085023805976,-215.98787183437324,743.8880065209058,1.0,0.0,0.014786451703699799,1.0,1,1,0.0,2,0,5040,1.0,0
T2,random_spread,18,0.03196859307994886,-111.24771946111491,707.5741657514047,0.0,0.024827225227948786,0.0,0.0,0,1,0.0,2,0,5040,1.0,0
T2,random_spread,19,0.0558562704081442,-316.22856642049055,789.1633164848336,nan,0.0,0.0,1.0,1,1,0.0,2,0,4830,0.9583333333333334,0
T2,literature_prior,0,0.08699340430778303,0.0,0.0,nan,nan,nan,nan,0,0,0.0,0,0,0,0.0,0
T2,literature_prior,1,0.045840437086647354,0.0,0.0,nan,nan,nan,nan,0,0,0.0,0,0,0,0.0,0
T2,literature_prior,2,0.04729163927012155,0.0,0.0,nan,nan,nan,nan,0,0,0.0,0,0,0,0.0,0
T2,literature_prior,3,0.04894508563574246,0.0,0.0,nan,nan,nan,nan,0,0,0.0,0,0,0,0.0,0
T2,literature_prior,4,0.0462538746993726,0.0,0.0,nan,nan,nan,nan,0,0,0.0,0,0,0,0.0,0
T2,literature_prior,5,0.047506510997752424,0.0,0.0,nan,nan,nan,nan,0,0,0.0,0,0,0,0.0,0
T2,literature_prior,6,0.0652565717290281,0.0,0.0,nan,nan,nan,nan,0,0,0.0,0,0,0,0.0,0
T2,literature_prior,7,0.06896425812862408,0.0,0.0,nan,nan,nan,nan,0,0,0.0,0,0,0,0.0,0
T2,literature_prior,8,0.05668552371881072,0.0,0.0,nan,nan,nan,nan,0,0,0.0,0,0,0,0.0,0
T2,literature_prior,9,0.057072370102791654,0.0,0.0,nan,nan,nan,nan,0,0,0.0,0,0,0,0.0,0
T2,literature_prior,10,0.08387531673983702,0.0,0.0,nan,nan,nan,nan,0,0,0.0,0,0,0,0.0,0
T2,literature_prior,11,0.06338130058516203,0.0,0.0,nan,nan,nan,nan,0,0,0.0,0,0,0,0.0,0
T2,literature_prior,12,0.03616605877033788,0.0,0.0,nan,nan,nan,nan,0,0,0.0,0,0,0,0.0,0
T2,literature_prior,13,0.06340776805242436,0.0,0.0,nan,nan,nan,nan,0,0,0.0,0,0,0,0.0,0
T2,literature_prior,14,0.05130012797004477,0.0,0.0,nan,nan,nan,nan,0,0,0.0,0,0,0,0.0,0
T2,literature_prior,15,0.04537620731673197,0.0,0.0,nan,nan,nan,nan,0,0,0.0,0,0,0,0.0,0
T2,literature_prior,16,0.06363291472320595,0.0,0.0,nan,nan,nan,nan,0,0,0.0,0,0,0,0.0,0
T2,literature_prior,17,0.04651484599269387,0.0,0.0,nan,nan,nan,nan,0,0,0.0,0,0,0,0.0,0
T2,literature_prior,18,0.05168367860016113,0.0,0.0,nan,nan,nan,nan,0,0,0.0,0,0,0,0.0,0
T2,literature_prior,19,0.07386395568672506,0.0,0.0,nan,nan,nan,nan,0,0,0.0,0,0,0,0.0,0
T2,prior_anchored,0,0.08699340430778303,-12.142938743196662,652.9456069201345,1.0,0.0,0.0012286306140059516,1.0,1,1,0.0,2,0,5040,1.0,0
T2,prior_anchored,1,0.045840437086647354,6.1889436541797505,516.6268530453833,0.0,0.018231169812527273,0.0,0.0,0,1,0.0,2,0,5040,1.0,0
T2,prior_anchored,2,0.05408611970613568,15.71113437898882,479.2667540310388,nan,0.0,0.0,1.0,1,1,0.0,2,0,5040,1.0,0
T2,prior_anchored,3,0.03851346842485903,-192.7395911348808,516.6132707046651,0.0,0.014136043621863999,0.0,0.0,0,1,0.0,2,0,4830,0.9583333333333334,0
T2,prior_anchored,4,0.009613509192471253,297.85859104106663,352.15368601102597,1.0,0.0,0.0022934731979880607,1.0,1,1,0.0,2,0,5040,1.0,0
T2,prior_anchored,5,0.04346675093181647,162.74867684853734,496.1947020315739,1.0,0.0,0.028556741603614197,1.0,1,1,0.0,2,0,4830,0.9583333333333334,0
T2,prior_anchored,6,0.04357518920037096,-83.28536309663923,632.5964023417469,0.0,0.006861040522720532,0.0,0.0,0,1,0.0,2,0,5040,1.0,0
T2,prior_anchored,7,0.03355370318963741,-205.12512918394498,527.7657394935613,0.0,0.04030818176670882,0.0,0.0,0,1,0.0,2,0,5040,1.0,0
T2,prior_anchored,8,0.05668552371881072,-159.08607737973503,555.3510260571225,0.0,0.013282281165863843,0.0,0.0,0,1,0.0,2,0,5040,1.0,0
T2,prior_anchored,9,0.057072370102791654,-133.95561780474185,597.6123375884831,0.0,0.006026010459205672,0.0,0.0,0,1,0.0,2,0,5040,1.0,0
T2,prior_anchored,10,0.08387531673983702,-223.95987238308336,723.3029930552866,0.0,0.0652994743903203,0.0,0.0,0,1,0.0,2,0,5040,1.0,0
T2,prior_anchored,11,0.014657214294799659,64.29252515446018,447.23681849337197,nan,0.0,0.0,1.0,1,1,0.0,2,0,5040,1.0,0
T2,prior_anchored,12,0.032807496562032135,226.97589308635727,422.9092563802414,0.0,0.00834178465367133,0.0,0.0,0,1,0.0,2,0,5040,1.0,0
T2,prior_anchored,13,0.02942191442899967,-47.49766627403669,455.8389019101901,1.0,0.0,0.015180264041295612,1.0,1,1,0.0,2,0,4830,0.9583333333333334,0
T2,prior_anchored,14,0.040666635873727125,-205.3342658959762,500.1924003996169,0.0,0.018462843391881603,0.0,0.0,0,1,0.0,2,0,5040,1.0,0
T2,prior_anchored,15,0.0064838225580458875,-138.65136550862957,545.6236743631995,0.0,0.07356351013004865,0.0,0.0,0,1,0.0,2,0,5040,1.0,0
T2,prior_anchored,16,0.03037694346767581,-52.319946120336084,459.2618091678448,0.0,0.03928237660935804,0.0,0.0,0,1,0.0,2,0,5040,1.0,0
T2,prior_anchored,17,0.023441509844465733,104.73282004350155,378.5597736812219,0.0,0.02073108068343109,0.0,0.0,0,1,0.0,2,0,4830,0.9583333333333334,0
T2,prior_anchored,18,0.044554719768211876,-36.02266055825953,633.3313299700055,0.0,0.016012612614685652,0.0,0.0,0,1,0.0,2,0,5040,1.0,0
T2,prior_anchored,19,0.01097623457024216,-73.917711370365,571.4895467626199,0.0,0.05839219116942135,0.0,0.0,0,1,0.0,2,0,5040,1.0,0
T2,classical_doe,0,0.07215006364991039,-302.70738417243473,936.7586005357359,0.0,0.012229979785674416,0.0,0.0,0,1,0.0,2,0,5040,1.0,1
T2,classical_doe,1,0.03914557447123039,212.01653115224994,320.7055537317085,0.0,0.01979195892437907,0.0,0.0,0,1,0.0,2,0,5040,1.0,1
T2,classical_doe,2,0.03356936513985738,62.27677730922873,451.9576744714317,0.0,0.0007816363621644534,0.0,1.0,1,1,0.0,2,0,5040,1.0,1
T2,classical_doe,3,0.08059174754023883,112.24880777295724,261.49393756103905,1.0,0.0,0.02177867879342863,1.0,1,1,0.0,2,0,5040,1.0,1
T2,classical_doe,4,0.030633046924905274,366.1259727856768,290.91403877205516,0.0,0.021889501210263257,0.0,0.0,0,1,0.0,2,0,5040,1.0,1
T2,classical_doe,5,0.10116383749431097,-54.50537625988611,719.317078813039,1.0,0.0,0.044297814192912274,1.0,1,1,0.0,2,0,5040,1.0,1
T2,classical_doe,6,0.04559471979921506,152.6936092772462,358.98455367079976,0.0,0.00359607706629448,0.0,0.0,0,1,0.0,2,0,5040,1.0,1
T2,classical_doe,7,0.09102039125386353,-78.53531064041594,403.5165377503045,1.0,0.0,0.012006733123235358,1.0,1,1,0.0,2,0,5040,1.0,1
T2,classical_doe,8,0.03796039183332297,-2.311920407537393,366.497054328012,1.0,0.0,0.0018036583868985129,1.0,1,1,0.0,2,0,5040,1.0,1
T2,classical_doe,9,0.021524722433349658,-188.3636554968267,619.3342832268913,0.0,0.14683994772209186,0.0,0.0,0,1,0.0,2,0,5040,1.0,1
T2,classical_doe,10,0.07345574475127514,-183.53924439732398,657.7209936103125,0.0,0.0019178237120003189,0.0,1.0,1,1,0.0,2,0,5040,1.0,1
T2,classical_doe,11,0.07452123671110283,-28.63044620768521,537.9933296746835,1.0,0.0,0.007651464980232267,1.0,1,1,0.0,2,0,5040,1.0,1
T2,classical_doe,12,0.05474951319986633,101.06836488491373,542.3489576271045,0.0,0.011810361637247593,0.0,0.0,0,1,0.0,2,0,5040,1.0,1
T2,classical_doe,13,0.08822272926768376,87.38449332520561,355.5901215368301,1.0,0.0,0.0410616365039208,1.0,1,1,0.0,2,0,5040,1.0,1
T2,classical_doe,14,0.033154477316259326,-48.722806626158764,333.12466833420933,nan,0.0,0.0,1.0,1,1,0.0,2,0,5040,1.0,1
T2,classical_doe,15,0.04851634568300738,137.58964287393945,295.7047675900459,1.0,0.0,0.009170962424933767,1.0,1,1,0.0,2,0,5040,1.0,1
T2,classical_doe,16,0.07004919147295395,104.41917983956304,291.4421047112602,1.0,0.0,0.018362208283033282,1.0,1,1,0.0,2,0,5040,1.0,1
T2,classical_doe,17,0.08769236224304265,151.19799276913207,392.03742634472144,1.0,0.0,0.023921162508507232,1.0,1,1,0.0,2,0,5040,1.0,1
T2,classical_doe,18,0.02841881223166233,12.059760169731087,561.6135458181818,0.0,0.07660663752268766,0.0,0.0,0,1,0.0,2,0,5040,1.0,1
T2,classical_doe,19,0.10431659124438315,-94.9682114886654,576.6438430313191,1.0,0.0,0.026600236350279374,1.0,1,1,0.0,2,0,5040,1.0,1
T2,gp_ucb_rep1,0,0.10097632576953895,-12.142938743196662,652.9456069201345,1.0,0.0,0.0012286306140059516,1.0,1,1,0.0,2,0,5040,1.0,0
T2,gp_ucb_rep1,1,0.006044048444214065,6.1889436541797505,516.6268530453833,0.0,0.018231169812527273,0.0,0.0,0,1,0.0,2,0,5040,1.0,0
T2,gp_ucb_rep1,2,0.05408611970613568,15.71113437898882,479.2667540310388,nan,0.0,0.0,1.0,1,1,0.0,2,0,5040,1.0,0
T2,gp_ucb_rep1,3,0.03851346842485903,-192.7395911348808,516.6132707046651,0.0,0.014136043621863999,0.0,0.0,0,1,0.0,2,0,4830,0.9583333333333334,0
T2,gp_ucb_rep1,4,0.009613509192471253,297.85859104106663,352.15368601102597,1.0,0.0,0.0022934731979880607,1.0,1,1,0.0,2,0,5040,1.0,0
T2,gp_ucb_rep1,5,0.04346675093181647,162.74867684853734,496.1947020315739,1.0,0.0,0.028556741603614197,1.0,1,1,0.0,2,0,4830,0.9583333333333334,0
T2,gp_ucb_rep1,6,0.04357518920037096,-83.28536309663923,632.5964023417469,0.0,0.006861040522720532,0.0,0.0,0,1,0.0,2,0,5040,1.0,0
T2,gp_ucb_rep1,7,0.03355370318963741,-205.12512918394498,527.7657394935613,0.0,0.04030818176670882,0.0,0.0,0,1,0.0,2,0,5040,1.0,0
T2,gp_ucb_rep1,8,0.03685167177378452,-159.08607737973503,555.3510260571225,0.0,0.013282281165863843,0.0,0.0,0,1,0.0,2,0,5040,1.0,0
T2,gp_ucb_rep1,9,0.05195370267179894,-133.95561780474185,597.6123375884831,0.0,0.006026010459205672,0.0,0.0,0,1,0.0,2,0,5040,1.0,0
T2,gp_ucb_rep1,10,0.0567049647870184,-223.95987238308336,723.3029930552866,0.0,0.0652994743903203,0.0,0.0,0,1,0.0,2,0,5040,1.0,0
T2,gp_ucb_rep1,11,0.014657214294799659,64.29252515446018,447.23681849337197,nan,0.0,0.0,1.0,1,1,0.0,2,0,5040,1.0,0
T2,gp_ucb_rep1,12,0.032807496562032135,226.97589308635727,422.9092563802414,0.0,0.00834178465367133,0.0,0.0,0,1,0.0,2,0,5040,1.0,0
T2,gp_ucb_rep1,13,0.02942191442899967,-47.49766627403669,455.8389019101901,1.0,0.0,0.015180264041295612,1.0,1,1,0.0,2,0,4830,0.9583333333333334,0
T2,gp_ucb_rep1,14,0.040666635873727125,-205.3342658959762,500.1924003996169,0.0,0.018462843391881603,0.0,0.0,0,1,0.0,2,0,5040,1.0,0
T2,gp_ucb_rep1,15,0.0064838225580458875,-138.65136550862957,545.6236743631995,0.0,0.07356351013004865,0.0,0.0,0,1,0.0,2,0,5040,1.0,0
T2,gp_ucb_rep1,16,0.03037694346767581,-52.319946120336084,459.2618091678448,0.0,0.03928237660935804,0.0,0.0,0,1,0.0,2,0,5040,1.0,0
T2,gp_ucb_rep1,17,0.023441509844465733,104.73282004350155,378.5597736812219,0.0,0.02073108068343109,0.0,0.0,0,1,0.0,2,0,4830,0.9583333333333334,0
T2,gp_ucb_rep1,18,0.044554719768211876,-36.02266055825953,633.3313299700055,0.0,0.016012612614685652,0.0,0.0,0,1,0.0,2,0,5040,1.0,0
T2,gp_ucb_rep1,19,0.01097623457024216,-73.917711370365,571.4895467626199,0.0,0.05839219116942135,0.0,0.0,0,1,0.0,2,0,5040,1.0,0
T3,random_spread,0,0.05061499874814864,-429.1686316909043,1043.6817315508217,1.0,0.0,0.021070540653926627,1.0,2,2,0.0,3,0,6720,0.8888888888888888,0
T3,random_spread,1,0.01736263326091185,-164.37526850403844,751.1391541893673,nan,0.0,0.0,1.0,2,2,0.0,3,0,6510,0.8611111111111112,0
T3,random_spread,2,0.06012736974896182,-359.4579080193553,851.994233177581,0.0,0.0012879208575458864,0.0,1.0,2,2,0.0,3,0,6510,0.8611111111111112,0
T3,random_spread,3,0.011281853520245466,-484.3744584224684,719.8817052683196,0.0,0.031234813190722917,0.0,0.5,1,2,0.0,3,0,6720,0.8888888888888888,0
T3,random_spread,4,0.00871832750714667,-408.41329071453936,1204.500238355818,0.0,0.08160285684114392,0.0,0.0,0,2,0.0,3,0,6720,0.8888888888888888,0
T3,random_spread,5,0.05257085724783252,-222.82525392032522,1078.6953822075684,0.0,0.04691688238957824,0.0,0.5,1,2,0.0,3,0,7350,0.9722222222222222,0
T3,random_spread,6,0.0034266656498829207,-392.424148739767,908.1895243832282,0.0,0.02724592400192314,0.0,0.5,1,2,0.0,3,0,6930,0.9166666666666666,0
T3,random_spread,7,0.03596695080469102,-606.2998071779904,780.4813161028071,0.0,0.01592194601730089,0.0,0.5,1,2,0.0,3,0,7140,0.9444444444444444,0
T3,random_spread,8,0.03640295071000085,-624.9303426544423,875.7424766761433,0.0,0.01994702898080307,0.0,0.5,1,2,0.0,3,0,6720,0.8888888888888888,0
T3,random_spread,9,0.038421342887814056,-488.46223476750004,899.8053440130094,1.0,0.0,0.007342534740286493,1.0,2,2,0.0,3,0,6510,0.8611111111111112,0
T3,random_spread,10,0.047073139900243824,-383.3513766185767,784.2401710960105,0.0,0.024400977009161343,0.0,0.5,1,2,0.0,3,0,6930,0.9166666666666666,0
T3,random_spread,11,0.015680236891068927,-318.40342810042347,757.8132907928507,0.024372987912314195,0.03815948799392187,0.0009532953967990032,0.5,1,2,0.0,3,0,6300,0.8333333333333334,0
T3,random_spread,12,0.05968072605339591,-338.4297395357372,1160.32694841313,nan,0.0,0.0,1.0,2,2,0.0,3,0,7350,0.9722222222222222,0
T3,random_spread,13,0.004240634072355427,-566.6090844564859,921.9474345301953,0.0,0.07695109593534935,0.0,0.5,1,2,0.0,3,0,7140,0.9444444444444444,0
T3,random_spread,14,0.04342281215707225,-538.4172195621222,632.6757311777058,nan,0.0,0.0,1.0,2,2,0.0,3,0,6720,0.8888888888888888,0
T3,random_spread,15,0.05658224324753322,-387.0897764247425,752.3950618862236,nan,0.0,0.0,1.0,2,2,0.0,3,0,7140,0.9444444444444444,0
T3,random_spread,16,0.018888717197145494,-513.5396058625008,752.842037734349,nan,0.0,0.0,1.0,2,2,0.0,3,0,6300,0.8333333333333334,0
T3,random_spread,17,0.050577316165121955,-389.975943080815,913.1869044432741,nan,0.0,0.0,1.0,2,2,0.0,3,0,6510,0.8611111111111112,0
T3,random_spread,18,0.09746610918462946,-557.3610338035777,1208.1857035201228,0.0,0.006122551965297401,0.0,0.5,1,2,0.0,3,0,7140,0.9444444444444444,0
T3,random_spread,19,0.03292154852225681,-508.0301000847247,973.9614284906511,0.0,0.042062437467376,0.0,0.0,0,2,0.0,3,0,6930,0.9166666666666666,0
T3,literature_prior,0,0.05507596144129275,0.0,0.0,nan,nan,nan,nan,0,0,0.0,0,0,0,0.0,0
T3,literature_prior,1,0.024474870389203457,0.0,0.0,nan,nan,nan,nan,0,0,0.0,0,0,0,0.0,0
T3,literature_prior,2,0.02283988531484602,0.0,0.0,nan,nan,nan,nan,0,0,0.0,0,0,0,0.0,0
T3,literature_prior,3,0.0160053974901242,0.0,0.0,nan,nan,nan,nan,0,0,0.0,0,0,0,0.0,0
T3,literature_prior,4,0.0285879156526984,0.0,0.0,nan,nan,nan,nan,0,0,0.0,0,0,0,0.0,0
T3,literature_prior,5,0.03277077296873558,0.0,0.0,nan,nan,nan,nan,0,0,0.0,0,0,0,0.0,0
T3,literature_prior,6,0.034412606642644505,0.0,0.0,nan,nan,nan,nan,0,0,0.0,0,0,0,0.0,0
T3,literature_prior,7,0.02697008513688248,0.0,0.0,nan,nan,nan,nan,0,0,0.0,0,0,0,0.0,0
T3,literature_prior,8,0.01912799294278245,0.0,0.0,nan,nan,nan,nan,0,0,0.0,0,0,0,0.0,0
T3,literature_prior,9,0.028367654399987036,0.0,0.0,nan,nan,nan,nan,0,0,0.0,0,0,0,0.0,0
T3,literature_prior,10,0.04622726908023633,0.0,0.0,nan,nan,nan,nan,0,0,0.0,0,0,0,0.0,0
T3,literature_prior,11,0.032907985249722674,0.0,0.0,nan,nan,nan,nan,0,0,0.0,0,0,0,0.0,0
T3,literature_prior,12,0.017465140650040623,0.0,0.0,nan,nan,nan,nan,0,0,0.0,0,0,0,0.0,0
T3,literature_prior,13,0.02852466331011003,0.0,0.0,nan,nan,nan,nan,0,0,0.0,0,0,0,0.0,0
T3,literature_prior,14,0.011298803658705262,0.0,0.0,nan,nan,nan,nan,0,0,0.0,0,0,0,0.0,0
T3,literature_prior,15,0.015972139007560907,0.0,0.0,nan,nan,nan,nan,0,0,0.0,0,0,0,0.0,0
T3,literature_prior,16,0.022124454126695947,0.0,0.0,nan,nan,nan,nan,0,0,0.0,0,0,0,0.0,0
T3,literature_prior,17,0.023364353191816734,0.0,0.0,nan,nan,nan,nan,0,0,0.0,0,0,0,0.0,0
T3,literature_prior,18,0.027666414029646,0.0,0.0,nan,nan,nan,nan,0,0,0.0,0,0,0,0.0,0
T3,literature_prior,19,0.03913324251240101,0.0,0.0,nan,nan,nan,nan,0,0,0.0,0,0,0,0.0,0
T3,prior_anchored,0,0.0175257264945098,-97.23568026140919,695.7421869397308,0.0,0.05395737452621961,0.0,0.0,0,2,0.0,3,0,6720,0.8888888888888888,0
T3,prior_anchored,1,0.0023373906283893353,96.92904689040421,587.5324868582638,0.010405223582151072,0.0074812066935050076,7.866212531151828e-05,0.5,1,2,0.0,3,0,7350,0.9722222222222222,0
T3,prior_anchored,2,0.0025846345937514392,-128.09504021829036,623.6734095720112,0.0,0.029027728169577487,0.0,0.5,1,2,0.0,3,0,7350,0.9722222222222222,0
T3,prior_anchored,3,0.010771681145019623,-176.93158779591445,418.77056940003,0.031111555664130763,0.05562949105347765,0.0017862944053005682,0.5,1,2,0.0,3,0,6720,0.8888888888888888,0
T3,prior_anchored,4,0.002509189503267076,260.0976183462353,531.198539834842,0.0,0.09300029742479958,0.0,0.0,0,2,0.0,3,0,6720,0.8888888888888888,0
T3,prior_anchored,5,0.03277077296873558,28.470666032356874,835.3878726825825,0.055598034992533955,0.03737039753477128,0.002200038486585204,0.5,1,2,0.0,3,0,6930,0.9166666666666666,0
T3,prior_anchored,6,0.01595512619844986,-77.61564389180015,508.1924506104081,0.09155989655796289,0.025168411924418287,0.0025366748821376434,0.5,1,2,0.0,3,0,6510,0.8611111111111112,0
T3,prior_anchored,7,0.0031689413786875585,-244.13378832768174,420.70514006071846,0.021321485712238887,0.0625949503721727,0.0013636933073879302,0.5,1,2,0.0,3,0,7350,0.9722222222222222,0
T3,prior_anchored,8,0.01912799294278245,-313.5253264500577,581.5518702393196,0.2368048355391573,0.029497413304516586,0.009152482132589543,0.5,1,2,0.0,3,0,6930,0.9166666666666666,0
T3,prior_anchored,9,0.007439715678159972,-72.38034389193503,436.29315670697446,0.0,0.08433881851151342,0.0,0.0,0,2,0.0,3,0,6510,0.8611111111111112,0
T3,prior_anchored,10,0.029257521524071947,-105.44344248885294,547.0495063582927,0.0018068699013813663,0.05293526280427233,9.582026784065584e-05,0.5,1,2,0.0,3,0,7140,0.9444444444444444,0
T3,prior_anchored,11,0.014042213615414398,-47.17716867355739,530.9934589666491,0.18709949810916482,0.006979388520645308,0.0016063959688598708,0.5,1,2,0.0,3,0,6930,0.9166666666666666,0
T3,prior_anchored,12,0.004023244669085796,200.49304991515382,520.5161909696219,0.0,0.07860816378660294,0.0,0.0,0,2,0.0,3,0,6510,0.8611111111111112,0
T3,prior_anchored,13,0.02852466331011003,-175.01395956508986,479.91704106831014,0.0,0.0409030459562078,0.0,0.0,0,2,0.0,3,0,6300,0.8333333333333334,0
T3,prior_anchored,14,0.006700130863184113,-366.0064174621593,457.28767914121005,0.0,0.07383712922488819,0.0,0.5,1,2,0.0,3,0,7140,0.9444444444444444,0
T3,prior_anchored,15,0.0023461795397305904,-110.43408932265137,484.84080339381495,0.0,0.061721947453573955,0.0,0.0,0,2,0.0,3,0,6720,0.8888888888888888,0
T3,prior_anchored,16,0.006161564666628903,-258.2676013523105,505.76191503577763,0.0,0.0653078096473956,0.0,0.0,0,2,0.0,3,0,7140,0.9444444444444444,0
T3,prior_anchored,17,0.0020845646062610246,44.11500407829678,519.1905074276689,0.0,0.09284980324486475,0.0,0.0,0,2,0.0,3,0,7140,0.9444444444444444,0
T3,prior_anchored,18,0.010481506641135896,86.2045516707415,519.8192342416139,0.053612900401910406,0.08631415177425394,0.004889703192608688,0.5,1,2,0.0,3,0,6720,0.8888888888888888,0
T3,prior_anchored,19,0.016373182874976168,-50.43575596466054,545.9242570019636,0.08583403682273816,0.07542747564663534,0.007082132766787437,0.5,1,2,0.0,3,0,7140,0.9444444444444444,0
T3,classical_doe,0,0.03498760969443459,159.3758447029054,493.79977075872506,0.34660105772840816,0.06254667959490913,0.03317842117960509,0.5,1,2,0.6666666666666666,3,2,6720,0.8888888888888888,0
T3,classical_doe,1,0.044877071379781884,86.18808681180536,526.9891990637536,0.20397354366258696,0.045540352840879005,0.011669244250170116,0.5,1,2,1.0,3,3,7140,0.9444444444444444,0
T3,classical_doe,2,0.008646105188876013,51.09891010078866,469.8277437785488,0.0,0.06246878490169004,0.0,0.5,1,2,0.6666666666666666,3,2,6720,0.8888888888888888,0
T3,classical_doe,3,0.011905931367785547,-178.15451995684444,486.3949093127739,0.0,0.04503812084764527,0.0,0.0,0,2,1.0,3,3,7140,0.9444444444444444,0
T3,classical_doe,4,0.023527698953713275,92.82856062886519,581.4348228566527,0.0,0.0532942604121059,0.0,0.0,0,2,1.0,3,3,5880,0.7777777777777778,0
T3,classical_doe,5,0.002842281314548653,163.77463735600583,578.2253647346232,0.0,0.07909593751993756,0.0,0.0,0,2,1.0,3,3,6300,0.8333333333333334,0
T3,classical_doe,6,0.0352219472894925,-7.7912993079071455,469.3660068222879,0.3283459733084896,0.05319327869373951,0.026004160136134567,0.5,1,2,1.0,3,3,6720,0.8888888888888888,0
T3,classical_doe,7,0.0018052480712996283,-223.2305355395621,386.62592547390483,0.0,0.05411774359073298,0.0,0.0,0,2,0.6666666666666666,3,2,6300,0.8333333333333334,0
T3,classical_doe,8,0.01132130702484719,-230.86697183419827,459.2215622134546,0.0,0.047834991351813745,0.0,0.0,0,2,1.0,3,3,6300,0.8333333333333334,0
T3,classical_doe,9,0.0014814039679374308,-66.79594671516959,411.305589453356,0.0,0.06420433245219738,0.0,0.0,0,2,1.0,3,3,5880,0.7777777777777778,0
T3,classical_doe,10,0.018465945245262058,-121.6738148247143,558.5870806790342,0.0,0.04120280184110266,0.0,0.0,0,2,1.0,3,3,7140,0.9444444444444444,0
T3,classical_doe,11,0.007255762959388762,-24.14933403052576,491.0601772718369,0.04766215453913499,0.05653742092990695,0.0028295581304986425,0.5,1,2,0.6666666666666666,3,2,6720,0.8888888888888888,0
T3,classical_doe,12,0.0032619339880565895,219.23883901213486,510.28331492732127,0.0,0.06645721004605645,0.0,0.0,0,2,1.0,3,3,6720,0.8888888888888888,0
T3,classical_doe,13,0.016352451780509522,-141.7184608742264,483.30089148621187,0.0,0.0396929874998127,0.0,0.5,1,2,0.6666666666666666,3,2,6720,0.8888888888888888,0
T3,classical_doe,14,0.0062840434290571245,-222.1276879704427,334.88142638617035,0.0039213198020985945,0.05344268241498802,0.00021039085867144772,0.5,1,2,1.0,3,3,6300,0.8333333333333334,0
T3,classical_doe,15,0.003146378733960016,-72.51794398756083,414.61700316243997,0.0,0.06634123216873009,0.0,0.5,1,2,1.0,3,3,6300,0.8333333333333334,0
T3,classical_doe,16,0.005252838573351851,-242.80479777249565,474.29144996447667,0.05944586421298971,0.05789428468841007,0.0036590937781754047,0.5,1,2,1.0,3,3,6300,0.8333333333333334,0
T3,classical_doe,17,0.002026152723909047,-9.496920085482113,529.3155423918142,0.0,0.07556007435655095,0.0,0.5,1,2,1.0,3,3,6300,0.8333333333333334,0
T3,classical_doe,18,0.006811599857839246,124.56171927415598,482.60059434726924,0.055062855031558985,0.0753430007595109,0.004390345697122683,0.5,1,2,0.6666666666666666,3,2,6720,0.8888888888888888,0
T3,classical_doe,19,0.005162432785033824,-155.5099307428024,589.5256765961859,0.0,0.05564376412680488,0.0,0.0,0,2,1.0,3,3,6720,0.8888888888888888,0
T3,gp_ucb_rep1,0,0.0175257264945098,-97.23568026140919,695.7421869397308,0.0,0.05395737452621961,0.0,0.0,0,2,0.0,3,0,6720,0.8888888888888888,0
T3,gp_ucb_rep1,1,0.0023373906283893353,96.92904689040421,587.5324868582638,0.010405223582151072,0.0074812066935050076,7.866212531151828e-05,0.5,1,2,0.0,3,0,7350,0.9722222222222222,0
T3,gp_ucb_rep1,2,0.0025846345937514392,-128.09504021829036,623.6734095720112,0.0,0.029027728169577487,0.0,0.5,1,2,0.0,3,0,7350,0.9722222222222222,0
T3,gp_ucb_rep1,3,0.010771681145019623,-176.93158779591445,418.77056940003,0.031111555664130763,0.05562949105347765,0.0017862944053005682,0.5,1,2,0.0,3,0,6720,0.8888888888888888,0
T3,gp_ucb_rep1,4,0.002509189503267076,260.0976183462353,531.198539834842,0.0,0.09300029742479958,0.0,0.0,0,2,0.0,3,0,6720,0.8888888888888888,0
T3,gp_ucb_rep1,5,0.009606884450901215,28.470666032356874,835.3878726825825,0.055598034992533955,0.03737039753477128,0.002200038486585204,0.5,1,2,0.0,3,0,6930,0.9166666666666666,0
T3,gp_ucb_rep1,6,0.01595512619844986,-77.61564389180015,508.1924506104081,0.09155989655796289,0.025168411924418287,0.0025366748821376434,0.5,1,2,0.0,3,0,6510,0.8611111111111112,0
T3,gp_ucb_rep1,7,0.0031689413786875585,-244.13378832768174,420.70514006071846,0.021321485712238887,0.0625949503721727,0.0013636933073879302,0.5,1,2,0.0,3,0,7350,0.9722222222222222,0
T3,gp_ucb_rep1,8,0.014700928749196509,-313.5253264500577,581.5518702393196,0.2368048355391573,0.029497413304516586,0.009152482132589543,0.5,1,2,0.0,3,0,6930,0.9166666666666666,0
T3,gp_ucb_rep1,9,0.007439715678159972,-72.38034389193503,436.29315670697446,0.0,0.08433881851151342,0.0,0.0,0,2,0.0,3,0,6510,0.8611111111111112,0
T3,gp_ucb_rep1,10,0.029257521524071947,-105.44344248885294,547.0495063582927,0.0018068699013813663,0.05293526280427233,9.582026784065584e-05,0.5,1,2,0.0,3,0,7140,0.9444444444444444,0
T3,gp_ucb_rep1,11,0.014042213615414398,-47.17716867355739,530.9934589666491,0.18709949810916482,0.006979388520645308,0.0016063959688598708,0.5,1,2,0.0,3,0,6930,0.9166666666666666,0
T3,gp_ucb_rep1,12,0.004023244669085796,200.49304991515382,520.5161909696219,0.0,0.07860816378660294,0.0,0.0,0,2,0.0,3,0,6510,0.8611111111111112,0
T3,gp_ucb_rep1,13,0.005018100914804924,-175.01395956508986,479.91704106831014,0.0,0.0409030459562078,0.0,0.0,0,2,0.0,3,0,6300,0.8333333333333334,0
T3,gp_ucb_rep1,14,0.006700130863184113,-366.0064174621593,457.28767914121005,0.0,0.07383712922488819,0.0,0.5,1,2,0.0,3,0,7140,0.9444444444444444,0
T3,gp_ucb_rep1,15,0.0023461795397305904,-110.43408932265137,484.84080339381495,0.0,0.061721947453573955,0.0,0.0,0,2,0.0,3,0,6720,0.8888888888888888,0
T3,gp_ucb_rep1,16,0.006161564666628903,-258.2676013523105,505.76191503577763,0.0,0.0653078096473956,0.0,0.0,0,2,0.0,3,0,7140,0.9444444444444444,0
T3,gp_ucb_rep1,17,0.0020845646062610246,44.11500407829678,519.1905074276689,0.0,0.09284980324486475,0.0,0.0,0,2,0.0,3,0,7140,0.9444444444444444,0
T3,gp_ucb_rep1,18,0.010481506641135896,86.2045516707415,519.8192342416139,0.053612900401910406,0.08631415177425394,0.004889703192608688,0.5,1,2,0.0,3,0,6720,0.8888888888888888,0
T3,gp_ucb_rep1,19,0.016373182874976168,-50.43575596466054,545.9242570019636,0.08583403682273816,0.07542747564663534,0.007082132766787437,0.5,1,2,0.0,3,0,7140,0.9444444444444444,0
T4,random_spread,0,0.07690791625750432,47.244633143654106,2427.2941407594435,nan,0.0,0.0,1.0,2,2,0.0,3,0,11970,0.7916666666666666,0
T4,random_spread,1,0.029093092022740213,583.7128617986017,1503.9949915895245,0.6700188820181774,0.004862178063588601,0.009872537950848442,0.5,1,2,0.0,3,0,11760,0.7777777777777778,0
T4,random_spread,2,0.006480073512715817,630.2679315444472,1297.9372183382557,0.0,0.028252702365210478,0.0,0.5,1,2,0.0,3,0,11970,0.7916666666666666,0
T4,random_spread,3,0.04839113423064004,524.0217784498172,850.4780143633377,1.0,0.0,0.020075719640072126,1.0,2,2,0.0,3,0,11970,0.7916666666666666,0
T4,random_spread,4,0.05675366761049086,822.7485160193598,1627.765269780209,0.8179103455410638,0.00429245835021741,0.019280865257716717,0.5,1,2,0.0,3,0,11130,0.7361111111111112,0
T4,random_spread,5,0.011534854710293752,676.6371650455458,2084.2311252842546,0.0,0.07183608719251486,0.0,0.5,1,2,0.0,3,0,12600,0.8333333333333334,0
T4,random_spread,6,0.028671227780320385,200.28837640896487,1601.1624906031586,0.0,0.020332187910217805,0.0,0.5,1,2,0.0,3,0,11550,0.7638888888888888,0
T4,random_spread,7,0.012511284627275382,-9.977376453019273,1262.852179397873,nan,0.0,0.0,1.0,2,2,0.0,3,0,11550,0.7638888888888888,0
T4,random_spread,8,0.009417528732946184,87.51435633201633,1372.237392816037,0.0,0.014942087248236882,0.0,0.5,1,2,0.0,3,0,12390,0.8194444444444444,0
T4,random_spread,9,0.035656803494798314,145.2478709755823,1500.026773188888,nan,0.0,0.0,1.0,2,2,0.0,3,0,11760,0.7777777777777778,0
T4,random_spread,10,0.02805039369178791,110.02435383150628,1792.1098701811961,0.0,0.03034581589775892,0.0,0.5,1,2,0.0,3,0,12390,0.8194444444444444,0
T4,random_spread,11,0.01882815420254233,620.8811587519406,1186.1603494667293,0.0,0.010217896374893704,0.0,0.0,0,2,0.0,3,0,11550,0.7638888888888888,0
T4,random_spread,12,0.01418863331118353,651.34583189965,1839.216217783243,0.0,0.12515874819067008,0.0,0.0,0,2,0.0,3,0,12180,0.8055555555555556,0
T4,random_spread,13,0.00684197920909646,231.18874641668174,1353.6024183356392,0.0,0.013493408673913368,0.0,0.5,1,2,0.0,3,0,11550,0.7638888888888888,0
T4,random_spread,14,0.05582942981464641,-277.6958024727622,1439.6918508418726,1.0,0.0,0.01356789527316607,1.0,2,2,0.0,3,0,12600,0.8333333333333334,0
T4,random_spread,15,0.01787621486332823,556.0376306730628,1018.6065593523335,nan,0.0,0.0,1.0,2,2,0.0,3,0,11760,0.7777777777777778,0
T4,random_spread,16,0.01927621022978475,85.22097745628442,1268.5699940646184,0.0,0.01667364946550902,0.0,0.5,1,2,0.0,3,0,12180,0.8055555555555556,0
T4,random_spread,17,0.007435934548297274,590.3546116060446,1232.4467346616486,nan,0.0,0.0,1.0,2,2,0.0,3,0,11130,0.7361111111111112,0
T4,random_spread,18,0.02713235911434375,326.10603673768765,1845.32913652237,nan,0.0,0.0,1.0,2,2,0.0,3,0,11970,0.7916666666666666,0
T4,random_spread,19,0.03972543849125114,354.2443073907879,1575.5155881317423,0.0,0.009740981286322795,0.0,0.5,1,2,0.0,3,0,11970,0.7916666666666666,0
T4,literature_prior,0,0.0770261011963706,0.0,0.0,nan,nan,nan,nan,0,0,0.0,0,0,0,0.0,0
T4,literature_prior,1,0.024188262073258637,0.0,0.0,nan,nan,nan,nan,0,0,0.0,0,0,0,0.0,0
T4,literature_prior,2,0.015559920928796628,0.0,0.0,nan,nan,nan,nan,0,0,0.0,0,0,0,0.0,0
T4,literature_prior,3,0.01016447507003436,0.0,0.0,nan,nan,nan,nan,0,0,0.0,0,0,0,0.0,0
T4,literature_prior,4,0.03719026378859716,0.0,0.0,nan,nan,nan,nan,0,0,0.0,0,0,0,0.0,0
T4,literature_prior,5,0.03247940189525686,0.0,0.0,nan,nan,nan,nan,0,0,0.0,0,0,0,0.0,0
T4,literature_prior,6,0.037061840598873075,0.0,0.0,nan,nan,nan,nan,0,0,0.0,0,0,0,0.0,0
T4,literature_prior,7,0.03314842774510644,0.0,0.0,nan,nan,nan,nan,0,0,0.0,0,0,0,0.0,0
T4,literature_prior,8,0.021916086125025616,0.0,0.0,nan,nan,nan,nan,0,0,0.0,0,0,0,0.0,0
T4,literature_prior,9,0.027457972195437136,0.0,0.0,nan,nan,nan,nan,0,0,0.0,0,0,0,0.0,0
T4,literature_prior,10,0.05671173228561423,0.0,0.0,nan,nan,nan,nan,0,0,0.0,0,0,0,0.0,0
T4,literature_prior,11,0.036795507384333015,0.0,0.0,nan,nan,nan,nan,0,0,0.0,0,0,0,0.0,0
T4,literature_prior,12,0.03167053576398138,0.0,0.0,nan,nan,nan,nan,0,0,0.0,0,0,0,0.0,0
T4,literature_prior,13,0.029540130702648396,0.0,0.0,nan,nan,nan,nan,0,0,0.0,0,0,0,0.0,0
T4,literature_prior,14,0.00963410411264043,0.0,0.0,nan,nan,nan,nan,0,0,0.0,0,0,0,0.0,0
T4,literature_prior,15,0.0158604485315237,0.0,0.0,nan,nan,nan,nan,0,0,0.0,0,0,0,0.0,0
T4,literature_prior,16,0.023705390699594528,0.0,0.0,nan,nan,nan,nan,0,0,0.0,0,0,0,0.0,0
T4,literature_prior,17,0.01984555776494723,0.0,0.0,nan,nan,nan,nan,0,0,0.0,0,0,0,0.0,0
T4,literature_prior,18,0.02771134729200589,0.0,0.0,nan,nan,nan,nan,0,0,0.0,0,0,0,0.0,0
T4,literature_prior,19,0.055097875514234965,0.0,0.0,nan,nan,nan,nan,0,0,0.0,0,0,0,0.0,0
T4,prior_anchored,0,0.01267913624790612,1151.1967275182203,1247.2572941482722,0.0,0.05407803426430849,0.0,0.0,0,2,0.0,3,0,11760,0.7777777777777778,0
T4,prior_anchored,1,0.015252646295141198,1326.3717572412477,790.6178756857645,0.0,0.006702966454461778,0.0,0.0,0,2,0.0,3,0,12390,0.8194444444444444,0
T4,prior_anchored,2,0.016431159915388932,1197.559026739746,689.4886865658034,0.7754740749394003,0.004719205921490333,0.016299328665179857,0.5,1,2,0.0,3,0,11550,0.7638888888888888,0
T4,prior_anchored,3,0.03014061129551339,490.55807832736014,853.6192721732609,0.4763561442636692,0.024185453916108365,0.02200138404859872,0.5,1,2,0.0,3,0,11970,0.7916666666666666,0
T4,prior_anchored,4,0.022414496097256043,1128.4399274692519,1439.9168473027817,0.677814863561843,0.0011500277366927325,0.002419434682978755,0.5,1,2,0.0,3,0,11760,0.7777777777777778,0
T4,prior_anchored,5,0.0535452206950815,1246.877635731109,1480.4908137081968,0.046933862019346746,0.05314167646492364,0.002616968551590826,0.5,1,2,0.0,3,0,12600,0.8333333333333334,0
T4,prior_anchored,6,0.027153430338329454,1255.928110177664,620.2797772753529,0.6925371733078868,0.008472761166611081,0.019084265020153035,0.5,1,2,0.0,3,0,11550,0.7638888888888888,0
T4,prior_anchored,7,0.008055168644793345,279.2482383628273,1071.4614155587342,0.15004647249383457,0.04225979425971193,0.007460329125981512,0.5,1,2,0.0,3,0,12390,0.8194444444444444,0
T4,prior_anchored,8,0.007309123142255833,660.6191408560907,991.1906306135735,0.0,0.018028320707028436,0.0,0.0,0,2,0.0,3,0,13860,0.9166666666666666,0
T4,prior_anchored,9,0.026651556166228288,840.6822413414926,985.8481843172964,0.0,0.038687761139366714,0.0,0.0,0,2,0.0,3,0,12810,0.8472222222222222,0
T4,prior_anchored,10,0.04422396372259026,700.6307170159525,1095.296724064765,0.4416726196756194,0.0341133509442607,0.026985839506405193,0.5,1,2,0.0,3,0,11550,0.7638888888888888,0
T4,prior_anchored,11,0.005675417796686788,988.8565802781402,898.2664772821439,0.0,0.05103907278130153,0.0,0.0,0,2,0.0,3,0,12390,0.8194444444444444,0
T4,prior_anchored,12,0.035348895754031995,1278.9017607970707,903.8035827035558,0.0,0.01747724201120132,0.0,0.0,0,2,0.0,3,0,10710,0.7083333333333334,0
T4,prior_anchored,13,0.010368137689871382,469.9089094804218,1081.5700432655722,0.4829769005022624,0.04683695791768688,0.04375272359400316,0.5,1,2,0.0,3,0,11340,0.75,0
T4,prior_anchored,14,0.011414990556497098,354.4472595755042,692.4854140460318,0.04572240109235161,0.017617572414889815,0.0008441125655146986,0.5,1,2,0.0,3,0,11130,0.7361111111111112,0
T4,prior_anchored,15,0.018630765898641405,646.6401878585017,1027.1295431552212,0.07056899000468783,0.03751843706435751,0.0028486656693319373,0.5,1,2,0.0,3,0,12390,0.8194444444444444,0
T4,prior_anchored,16,0.011101662131244916,535.1178558682541,863.7932681889911,0.10651363422135163,0.024734467531138657,0.0029486270056014313,0.5,1,2,0.0,3,0,12180,0.8055555555555556,0
T4,prior_anchored,17,0.02255516873056254,1158.8135681708252,669.2333372225148,0.7406826429426339,0.0019829907006343184,0.005663974096232871,0.5,1,2,0.0,3,0,11130,0.7361111111111112,0
T4,prior_anchored,18,0.025123121330936693,769.161960655146,1418.8724037728527,0.0,0.06481415364165974,0.0,0.0,0,2,0.0,3,0,12180,0.8055555555555556,0
T4,prior_anchored,19,0.07437648605500967,433.73295040502273,1431.7272247147357,0.47028453885086263,0.015435436350118875,0.013703672251004523,0.5,1,2,0.0,3,0,11550,0.7638888888888888,0
T4,classical_doe,0,0.09379533900827752,997.6784728090814,1547.094914535447,1.0,0.0,0.0355003326223981,1.0,2,2,1.0,3,3,12390,0.8194444444444444,1
T4,classical_doe,1,0.022700309119292855,1281.641545050242,838.2804610740079,0.24758781822756445,0.048552208182621626,0.015976529334956302,0.5,1,2,1.0,3,3,11970,0.7916666666666666,1
T4,classical_doe,2,0.007467026562173434,1385.3585183203847,512.3309603918998,0.0,0.04457376217718344,0.0,0.0,0,2,1.0,3,3,11760,0.7777777777777778,1
T4,classical_doe,3,0.023617043699736315,866.2996576870617,571.1867288277865,0.29343745805508165,0.018229283271235103,0.007570673829598876,0.5,1,2,1.0,3,3,12390,0.8194444444444444,1
T4,classical_doe,4,0.011631247174105214,1897.6218279357195,826.4816097546632,0.0,0.04159062715442172,0.0,0.0,0,2,1.0,3,3,12390,0.8194444444444444,1
T4,classical_doe,5,0.02641989183653315,1632.8218879428057,1074.295906613339,0.2797193997505012,0.04713093225290074,0.01830319472008035,0.5,1,2,1.0,3,3,12180,0.8055555555555556,1
T4,classical_doe,6,0.01802223650209142,1069.2966117786286,843.8231695068719,0.3722755438985799,0.01530762069271413,0.009078271148722922,0.5,1,2,1.0,3,3,12180,0.8055555555555556,1
T4,classical_doe,7,0.023472062924090792,635.4905367240855,697.4736467658606,0.0,0.03244021399231399,0.0,0.0,0,2,1.0,3,3,12180,0.8055555555555556,1
T4,classical_doe,8,0.024033266471856538,730.1832000809748,752.7689903657383,0.4932711001835909,0.02385216427671795,0.02321869409619058,0.5,1,2,1.0,3,3,12180,0.8055555555555556,1
T4,classical_doe,9,0.016639802841165757,1017.7536246836755,740.1600874346628,0.3094904719650165,0.026482577897381634,0.011869648715253811,0.5,1,2,1.0,3,3,12180,0.8055555555555556,1
T4,classical_doe,10,0.06920386015120762,862.1466536203233,978.2024079724813,1.0,0.0,0.018665054680759005,1.0,2,2,1.0,3,3,11760,0.7777777777777778,1
T4,classical_doe,11,0.020918493179420017,955.4303978326732,937.8054654828029,0.0,0.05699206368524086,0.0,0.0,0,2,1.0,3,3,12180,0.8055555555555556,1
T4,classical_doe,12,0.0461295955334908,1377.271425410938,1081.4376261016782,0.4299754775843598,0.01185173803431569,0.008939890340005113,0.5,1,2,1.0,3,3,11970,0.7916666666666666,1
T4,classical_doe,13,0.04085868010780026,812.8838813609435,936.5354448049148,1.0,0.0,0.010895451969555423,1.0,2,2,1.0,3,3,12600,0.8333333333333334,1
T4,classical_doe,14,0.025329299809843067,887.2307592186862,277.4299074208752,1.0,0.0,0.019461044631912366,1.0,2,2,1.0,3,3,12180,0.8055555555555556,1
T4,classical_doe,15,0.010585202190516674,1217.0746797541294,439.5801072547095,0.0,0.0035542773408904493,0.0,0.0,0,2,1.0,3,3,12180,0.8055555555555556,1
T4,classical_doe,16,0.009333316254649032,717.2453055545286,595.426813730572,0.0,0.049402471557847896,0.0,0.0,0,2,1.0,3,3,11760,0.7777777777777778,1
T4,classical_doe,17,0.049205009175415676,1328.205128705557,663.069840360288,0.3022464016025751,0.026145977677372895,0.011325670963958409,0.5,1,2,1.0,3,3,12390,0.8194444444444444,1
T4,classical_doe,18,0.02768918972724374,1292.8997400547644,851.318334144015,0.0,0.028066415397033792,0.0,0.5,1,2,1.0,3,3,11970,0.7916666666666666,1
T4,classical_doe,19,0.09090470605683788,727.1417434722576,1323.9433624035714,0.9849393721718354,0.00013316428935730706,0.008708717395566806,1.0,2,2,1.0,3,3,12390,0.8194444444444444,1
T4,gp_ucb_rep1,0,0.01267913624790612,1151.1967275182203,1247.2572941482722,0.0,0.05407803426430849,0.0,0.0,0,2,0.0,3,0,11760,0.7777777777777778,0
T4,gp_ucb_rep1,1,0.015252646295141198,1326.3717572412477,790.6178756857645,0.0,0.006702966454461778,0.0,0.0,0,2,0.0,3,0,12390,0.8194444444444444,0
T4,gp_ucb_rep1,2,0.016431159915388932,1197.559026739746,689.4886865658034,0.7754740749394003,0.004719205921490333,0.016299328665179857,0.5,1,2,0.0,3,0,11550,0.7638888888888888,0
T4,gp_ucb_rep1,3,0.03014061129551339,490.55807832736014,853.6192721732609,0.4763561442636692,0.024185453916108365,0.02200138404859872,0.5,1,2,0.0,3,0,11970,0.7916666666666666,0
T4,gp_ucb_rep1,4,0.022414496097256043,1128.4399274692519,1439.9168473027817,0.677814863561843,0.0011500277366927325,0.002419434682978755,0.5,1,2,0.0,3,0,11760,0.7777777777777778,0
T4,gp_ucb_rep1,5,0.0535452206950815,1246.877635731109,1480.4908137081968,0.046933862019346746,0.05314167646492364,0.002616968551590826,0.5,1,2,0.0,3,0,12600,0.8333333333333334,0
T4,gp_ucb_rep1,6,0.027153430338329454,1255.928110177664,620.2797772753529,0.6925371733078868,0.008472761166611081,0.019084265020153035,0.5,1,2,0.0,3,0,11550,0.7638888888888888,0
T4,gp_ucb_rep1,7,0.008055168644793345,279.2482383628273,1071.4614155587342,0.15004647249383457,0.04225979425971193,0.007460329125981512,0.5,1,2,0.0,3,0,12390,0.8194444444444444,0
T4,gp_ucb_rep1,8,0.007309123142255833,660.6191408560907,991.1906306135735,0.0,0.018028320707028436,0.0,0.0,0,2,0.0,3,0,13860,0.9166666666666666,0
T4,gp_ucb_rep1,9,0.026651556166228288,840.6822413414926,985.8481843172964,0.0,0.038687761139366714,0.0,0.0,0,2,0.0,3,0,12810,0.8472222222222222,0
T4,gp_ucb_rep1,10,0.04422396372259026,700.6307170159525,1095.296724064765,0.4416726196756194,0.0341133509442607,0.026985839506405193,0.5,1,2,0.0,3,0,11550,0.7638888888888888,0
T4,gp_ucb_rep1,11,0.005675417796686788,988.8565802781402,898.2664772821439,0.0,0.05103907278130153,0.0,0.0,0,2,0.0,3,0,12390,0.8194444444444444,0
T4,gp_ucb_rep1,12,0.035348895754031995,1278.9017607970707,903.8035827035558,0.0,0.01747724201120132,0.0,0.0,0,2,0.0,3,0,10710,0.7083333333333334,0
T4,gp_ucb_rep1,13,0.010368137689871382,469.9089094804218,1081.5700432655722,0.4829769005022624,0.04683695791768688,0.04375272359400316,0.5,1,2,0.0,3,0,11340,0.75,0
T4,gp_ucb_rep1,14,0.011414990556497098,354.4472595755042,692.4854140460318,0.04572240109235161,0.017617572414889815,0.0008441125655146986,0.5,1,2,0.0,3,0,11130,0.7361111111111112,0
T4,gp_ucb_rep1,15,0.018630765898641405,646.6401878585017,1027.1295431552212,0.07056899000468783,0.03751843706435751,0.0028486656693319373,0.5,1,2,0.0,3,0,12390,0.8194444444444444,0
T4,gp_ucb_rep1,16,0.011101662131244916,535.1178558682541,863.7932681889911,0.10651363422135163,0.024734467531138657,0.0029486270056014313,0.5,1,2,0.0,3,0,12180,0.8055555555555556,0
T4,gp_ucb_rep1,17,0.02255516873056254,1158.8135681708252,669.2333372225148,0.7406826429426339,0.0019829907006343184,0.005663974096232871,0.5,1,2,0.0,3,0,11130,0.7361111111111112,0
T4,gp_ucb_rep1,18,0.025123121330936693,769.161960655146,1418.8724037728527,0.0,0.06481415364165974,0.0,0.0,0,2,0.0,3,0,12180,0.8055555555555556,0
T4,gp_ucb_rep1,19,0.07437648605500967,433.73295040502273,1431.7272247147357,0.47028453885086263,0.015435436350118875,0.013703672251004523,0.5,1,2,0.0,3,0,11550,0.7638888888888888,0
